{
  "protocol": "Fixed deployed ONNX model evaluated on SCIN-only grouped case splits; no retraining, no test-time augmentation.",
  "seeds": [
    42,
    7,
    13,
    21,
    84
  ],
  "split_source_manifest": "data/raw/scin/face_skin_manifest.csv (local, not committed; generated by scripts/scin_build_manifest.py)",
  "group_key": "case_id",
  "leakage_check": "Each split_audit.json reports zero train/validation group overlap.",
  "raw_logits": {
    "accuracy": {
      "mean": 0.8489023848164686,
      "std": 0.012138911011893785,
      "values": [
        0.8533333333333334,
        0.8294117647058824,
        0.8471337579617835,
        0.8620689655172413,
        0.8525641025641025
      ]
    },
    "macro_recall": {
      "mean": 0.5412751219754661,
      "std": 0.051060227641305966,
      "values": [
        0.48286237571951857,
        0.5468480970369799,
        0.5105315575361659,
        0.5473790702051572,
        0.6187545093795094
      ]
    },
    "per_class_recall": {
      "acne_like_texture": {
        "mean": 0.8447246618024606,
        "std": 0.07893662365177279
      },
      "clinician_review": {
        "mean": 0.2866666666666667,
        "std": 0.19379255804998177
      },
      "dermatitis_like_irritation": {
        "mean": 0.9681408552651216,
        "std": 0.01738765420828433
      },
      "folliculitis_like_bumps": {
        "mean": 0.4147852147852148,
        "std": 0.10215646175695357
      },
      "hyperpigmentation_like_uneven_tone": {
        "mean": 0.13333333333333333,
        "std": 0.29814239699997197
      },
      "rosacea_like_redness": {
        "mean": 0.6,
        "std": 0.11952286093343939
      }
    }
  },
  "deployed_conservative_prior_alpha_0_4": {
    "accuracy": {
      "mean": 0.8616437898006353,
      "std": 0.012112975122697394,
      "values": [
        0.86,
        0.8470588235294118,
        0.8535031847133758,
        0.8758620689655172,
        0.8717948717948718
      ]
    },
    "macro_recall": {
      "mean": 0.6314479201917427,
      "std": 0.10079673733729334,
      "values": [
        0.5245290423861853,
        0.665895716084599,
        0.5233520703566786,
        0.7175654056088838,
        0.7258973665223665
      ]
    },
    "per_class_recall": {
      "acne_like_texture": {
        "mean": 0.8447246618024606,
        "std": 0.07893662365177279
      },
      "clinician_review": {
        "mean": 0.45,
        "std": 0.1322875655532295
      },
      "dermatitis_like_irritation": {
        "mean": 0.9637930291781651,
        "std": 0.0201245066985073
      },
      "folliculitis_like_bumps": {
        "mean": 0.44445554445554447,
        "std": 0.07689420426782102
      },
      "hyperpigmentation_like_uneven_tone": {
        "mean": 0.4,
        "std": 0.4183300132670378
      },
      "rosacea_like_redness": {
        "mean": 0.6857142857142857,
        "std": 0.1862629258629328
      }
    }
  },
  "portfolio_prior_alpha_0_4": {
    "accuracy": {
      "mean": 0.8658038248362921,
      "std": 0.024631479587154486,
      "values": [
        0.8733333333333333,
        0.8294117647058824,
        0.8598726114649682,
        0.8689655172413793,
        0.8974358974358975
      ]
    },
    "macro_recall": {
      "mean": 0.6607407488403247,
      "std": 0.10300246590427974,
      "values": [
        0.5622274550845979,
        0.6683113612417445,
        0.5582814267146065,
        0.7157538114059854,
        0.7991296897546897
      ]
    },
    "per_class_recall": {
      "acne_like_texture": {
        "mean": 0.8388423088612842,
        "std": 0.08706748928719046
      },
      "clinician_review": {
        "mean": 0.48333333333333334,
        "std": 0.16499158227686106
      },
      "dermatitis_like_irritation": {
        "mean": 0.954073712652193,
        "std": 0.03021952534244561
      },
      "folliculitis_like_bumps": {
        "mean": 0.5453379953379953,
        "std": 0.06856971325542677
      },
      "hyperpigmentation_like_uneven_tone": {
        "mean": 0.4,
        "std": 0.4183300132670378
      },
      "rosacea_like_redness": {
        "mean": 0.7428571428571429,
        "std": 0.11952286093343935
      }
    }
  },
  "minority_sensitive_prior_alpha_0_4": {
    "accuracy": {
      "mean": 0.8677377712273644,
      "std": 0.022208941751782788,
      "values": [
        0.86,
        0.8470588235294118,
        0.8726114649681529,
        0.8551724137931035,
        0.9038461538461539
      ]
    },
    "macro_recall": {
      "mean": 0.6832137814079496,
      "std": 0.09995886365385288,
      "values": [
        0.5710143031571603,
        0.7144013568730244,
        0.5950422849040361,
        0.7213297571993224,
        0.8142812049062048
      ]
    },
    "per_class_recall": {
      "acne_like_texture": {
        "mean": 0.8316994517184271,
        "std": 0.0866547992125264
      },
      "clinician_review": {
        "mean": 0.48333333333333334,
        "std": 0.16499158227686106
      },
      "dermatitis_like_irritation": {
        "mean": 0.9397277588737929,
        "std": 0.0326900156703707
      },
      "folliculitis_like_bumps": {
        "mean": 0.7016650016650017,
        "std": 0.057655764588816764
      },
      "hyperpigmentation_like_uneven_tone": {
        "mean": 0.4,
        "std": 0.4183300132670378
      },
      "rosacea_like_redness": {
        "mean": 0.7428571428571429,
        "std": 0.11952286093343935
      }
    }
  },
  "seed42_deployed_bootstrap_ci_95": {
    "accuracy": [
      0.8,
      0.9133333333333333
    ],
    "macro_recall": [
      0.41518839383938394,
      0.6737810435178856
    ]
  },
  "single_seed42_split_counts": {
    "train": {
      "images": 629,
      "groups": 276,
      "labels": {
        "acne_like_texture": {
          "images": 128,
          "groups": 57
        },
        "clinician_review": {
          "images": 16,
          "groups": 7
        },
        "dermatitis_like_irritation": {
          "images": 395,
          "groups": 174
        },
        "folliculitis_like_bumps": {
          "images": 46,
          "groups": 20
        },
        "hyperpigmentation_like_uneven_tone": {
          "images": 9,
          "groups": 4
        },
        "rosacea_like_redness": {
          "images": 35,
          "groups": 14
        }
      }
    },
    "val": {
      "images": 151,
      "groups": 69,
      "labels": {
        "acne_like_texture": {
          "images": 27,
          "groups": 14
        },
        "clinician_review": {
          "images": 4,
          "groups": 2
        },
        "dermatitis_like_irritation": {
          "images": 98,
          "groups": 44
        },
        "folliculitis_like_bumps": {
          "images": 12,
          "groups": 5
        },
        "hyperpigmentation_like_uneven_tone": {
          "images": 3,
          "groups": 1
        },
        "rosacea_like_redness": {
          "images": 7,
          "groups": 3
        }
      }
    }
  },
  "interpretation": "The clean grouped SCIN-only result gives the portfolio a real post-correction payoff on the deployed model, but tail-class estimates remain fragile because clinician_review, hyperpigmentation, and rosacea have very small validation counts."
}
